forest_DirtTree,forest_DirtTree,forest_DirtTree,forest_DirtTree,forest_DirtTree,forest_DirtTree,forest_DirtTree,forest_DirtTree,forest_DirtTree,forest_DirtTree,forest_DirtTree,forest_DirtTree,forest_DirtTree,forest_DirtTree,forest_DirtTree,forest_DirtTree
forest_DirtTree,forest_DirtPath,forest_DirtPath,forest_DirtPath,forest_DirtPath,forest_DirtPath,forest_DirtPath,forest_DirtPath,forest_DirtPath,forest_DirtPath,forest_DirtPath,forest_DirtPath,forest_DirtPath,forest_DirtPath,forest_DirtPath,forest_DirtTree
forest_DirtTree,forest_DirtPath,forest_DirtPath,forest_DirtPath,forest_DirtPath,forest_DirtPath,forest_DirtPath,forest_DirtPath,forest_DirtPath,forest_DirtPath,forest_DirtPath,forest_DirtPath,forest_DirtPath,forest_DirtPath,forest_DirtPath,forest_DirtTree
forest_DirtTree,forest_DirtPath,forest_DirtPath,forest_DirtPath,forest_DirtPath,forest_DirtPath,forest_DirtPath,forest_DirtPath,forest_DirtPath,forest_DirtPath,forest_DirtPath,forest_DirtPath,forest_DirtPath,forest_DirtPath,forest_DirtPath,forest_DirtTree
forest_DirtTree,forest_DirtPath,forest_DirtPath,forest_DirtPath,forest_DirtPath,forest_DirtPath,forest_DirtPath,forest_DirtPath,forest_DirtPath,forest_DirtPath,forest_DirtPath,forest_DirtPath,forest_DirtPath,forest_DirtPath,forest_DirtPath,forest_DirtTree
forest_DirtTree,forest_DirtPath,forest_DirtPath,forest_DirtPath,forest_DirtPath,forest_DirtPath,forest_DirtPath,forest_DirtPath,forest_DirtPath,forest_DirtPath,forest_DirtPath,forest_DirtPath,forest_DirtPath,forest_DirtPath,forest_DirtPath,forest_DirtTree
forest_DirtTree,forest_DirtPath,forest_DirtPath,forest_DirtPath,forest_DirtPath,forest_DirtPath,forest_DirtPath,forest_DirtPath,forest_DirtPath,forest_DirtPath,forest_DirtPath,forest_DirtPath,forest_DirtPath,forest_DirtPath,forest_DirtPath,forest_DirtTree
forest_DirtTree,forest_DirtPath,forest_DirtPath,forest_DirtPath,forest_DirtPath,forest_DirtPath,forest_DirtPath,forest_DirtPath,forest_DirtPath,forest_DirtPath,forest_DirtPath,forest_DirtPath,forest_DirtPath,forest_DirtPath,forest_DirtPath,forest_DirtTree
forest_DirtTree,forest_DirtPath,forest_DirtPath,forest_DirtPath,forest_DirtPath,forest_DirtPath,forest_DirtPath,forest_DirtPath,forest_DirtPath,forest_DirtPath,forest_DirtPath,forest_DirtPath,forest_DirtPath,forest_DirtPath,forest_DirtPath,forest_DirtTree
forest_DirtTree,forest_DirtPath,forest_DirtPath,forest_DirtPath,forest_DirtPath,forest_DirtPath,forest_DirtPath,forest_DirtPath,forest_DirtPath,forest_DirtPath,forest_DirtPath,forest_DirtPath,forest_DirtPath,forest_DirtPath,forest_DirtPath,forest_DirtTree
forest_DirtTree,forest_DirtTree,forest_DirtTree,forest_DirtTree,forest_DirtTree,forest_DirtTree,forest_DirtTree,forest_DirtTree,forest_DirtTree,forest_DirtTree,forest_DirtTree,forest_DirtTree,forest_DirtTree,forest_DirtTree,forest_DirtTree,forest_DirtTree
