none,none,none,none,none,none,none,none,none,none,none,none,none,none,wisp,none
none,none,wisp,none,none,none,none,none,none,none,none,none,none,none,none,none
none,none,none,none,none,none,none,none,none,none,none,none,none,none,none,none
none,none,none,none,none,none,none,none,none,none,none,none,none,none,none,none
none,none,none,none,none,none,none,none,none,none,none,none,wisp,none,none,none
none,none,none,none,none,none,none,none,none,none,none,none,none,none,none,none
none,none,none,wisp,none,none,none,none,none,none,none,none,none,none,none,none
none,none,none,none,none,none,none,none,none,none,none,none,none,none,wisp,none
none,none,none,none,none,none,none,none,none,none,none,none,none,none,none,none
none,player,none,none,none,none,none,none,none,none,none,none,none,none,none,none
none,none,none,none,none,none,none,none,none,none,none,none,none,none,none,none
