cave_rockBoulder,cave_rockBoulder,cave_rockBoulder,cave_rockBoulder,cave_rockBoulder,cave_rockBoulder,cave_rockBoulder,cave_rockBoulder,cave_rockBoulder,cave_rockBoulder,cave_rockBoulder,cave_rockBoulder,cave_rockBoulder,cave_rockBoulder,cave_rockBoulder,cave_rockBoulder
cave_rockBoulder,cave_sandstone ,cave_sandstone ,cave_sandstone ,cave_sandstone ,cave_sandstone ,cave_sandstoneWatery ,cave_sandstoneWatery ,cave_sandstoneWatery ,cave_sandstone ,cave_sandstone ,cave_sandstone ,cave_sandstone ,cave_sandstone ,cave_sandstone ,cave_rockBoulder
cave_rockBoulder,cave_sandstone ,cave_sandstone ,cave_sandstone ,cave_sandstone ,cave_sandstone ,cave_rockBoulder,cave_sandstoneWatery ,cave_sandstoneWatery ,cave_sandstone ,cave_sandstone ,cave_sandstone ,cave_sandstone ,cave_sandstone ,cave_sandstone ,cave_rockBoulder
cave_rockBoulder,cave_sandstone ,cave_sandstone ,cave_sandstone ,cave_sandstone ,cave_sandstone ,cave_sandstoneWatery ,cave_sandstoneWatery ,cave_sandstoneWatery ,cave_sandstone ,cave_sandstone ,cave_sandstone ,cave_sandstone ,cave_sandstone ,cave_sandstone ,cave_sandstone 
cave_rockBoulder,cave_sandstone ,cave_sandstone ,cave_sandstone ,cave_sandstone ,cave_sandstone ,cave_sandstone ,cave_sandstone ,cave_sandstone ,cave_sandstone ,cave_sandstone ,cave_sandstone ,cave_sandstone ,cave_sandstone ,cave_sandstone ,cave_sandstone 
cave_rockWatery ,cave_sandstone ,cave_sandstone ,cave_sandstone ,cave_sandstone ,cave_sandstone ,cave_sandstone ,cave_sandstone ,cave_sandstone ,cave_sandstone ,cave_sandstone ,cave_sandstone ,cave_sandstone ,cave_sandstone ,cave_sandstone ,cave_rockWatery 
cave_rockBoulder,cave_sandstoneMossy ,cave_sandstoneMossy ,cave_sandstoneMossy ,cave_sandstone ,cave_sandstone ,cave_sandstone ,cave_sandstone ,cave_sandstone ,cave_sandstone ,cave_sandstone ,cave_sandstone ,cave_sandstone ,cave_sandstone ,cave_sandstone ,cave_sandstone 
cave_rockBoulder,cave_sandstoneMossy ,cave_sandstoneMossy ,cave_sandstoneMossy ,cave_sandstone ,cave_sandstone ,cave_sandstone ,cave_sandstone ,cave_sandstone ,cave_sandstone ,cave_sandstone ,cave_sandstone ,cave_sandstone ,cave_sandstone ,cave_sandstone ,cave_sandstone 
cave_rockBoulder,cave_sandstone ,cave_sandstone ,cave_sandstone ,cave_sandstone ,cave_sandstone ,cave_sandstone ,cave_sandstone ,cave_sandstone ,cave_sandstone ,cave_sandstone ,cave_sandstone ,cave_sandstone ,cave_sandstone ,cave_sandstone ,cave_rockBoulder
cave_rockBoulder,cave_sandstone ,cave_sandstone ,cave_sandstone ,cave_sandstone ,cave_sandstone ,cave_sandstone ,cave_sandstone ,cave_sandstone ,cave_sandstone ,cave_sandstone ,cave_sandstone ,cave_sandstone ,cave_sandstone ,cave_sandstone ,cave_rockBoulder
cave_rockBoulder,cave_rockBoulder,cave_rockBoulder,cave_rockBoulder,cave_rockBoulder,cave_rockBoulder,cave_rockBoulder,cave_rockBoulder,cave_rockBoulder,cave_rockBoulder,cave_rockBoulder,cave_rockBoulder,cave_rockBoulder,cave_rockBoulder,cave_rockBoulder,cave_rockBoulder
